{
    "all": {
        "FIRE": {
            "tg_TP": 107,
            "tg_FP": 75,
            "cc_FP": 18,
            "cc_TP": 102,
            "tg_pre": 0.5879120879120879,
            "tg_rec": 0.7181208053691275,
            "tg_f1": 0.6465256797583082,
            "cc_pre": 0.85,
            "cc_rec": 0.6845637583892618,
            "cc_f1": 0.758364312267658
        },
        "VUDDY": {
            "tg_TP": 123,
            "tg_FP": 56,
            "cc_FP": 21,
            "cc_TP": 114,
            "tg_pre": 0.6871508379888268,
            "tg_rec": 0.825503355704698,
            "tg_f1": 0.75,
            "cc_pre": 0.8444444444444444,
            "cc_rec": 0.7651006711409396,
            "cc_f1": 0.8028169014084506
        },
        "tg_TP": 149,
        "cc_TP": 137
    },
    "correct": {
        "FIRE": {
            "tg_TP": 96,
            "tg_FP": 72,
            "cc_FP": 17,
            "cc_TP": 92,
            "tg_pre": 0.5714285714285714,
            "tg_rec": 0.7111111111111111,
            "tg_f1": 0.6336633663366337,
            "cc_pre": 0.8440366972477065,
            "cc_rec": 0.6814814814814815,
            "cc_f1": 0.7540983606557378
        },
        "VUDDY": {
            "tg_TP": 118,
            "tg_FP": 55,
            "cc_FP": 21,
            "cc_TP": 109,
            "tg_pre": 0.6820809248554913,
            "tg_rec": 0.8740740740740741,
            "tg_f1": 0.7662337662337662,
            "cc_pre": 0.8384615384615385,
            "cc_rec": 0.8074074074074075,
            "cc_f1": 0.8226415094339623
        },
        "tg_TP": 135,
        "cc_TP": 124
    },
    "incorrect": {
        "tg_TP": 14,
        "VUDDY": {
            "tg_TP": 5,
            "tg_FP": 1,
            "cc_TP": 5,
            "cc_FP": 0,
            "tg_pre": 0.8333333333333334,
            "tg_rec": 0.35714285714285715,
            "tg_f1": 0.5,
            "cc_pre": 1.0,
            "cc_rec": 0.35714285714285715,
            "cc_f1": 0.5263157894736842
        },
        "FIRE": {
            "tg_TP": 11,
            "tg_FP": 3,
            "cc_FP": 1,
            "cc_TP": 10,
            "tg_pre": 0.7857142857142857,
            "tg_rec": 0.7857142857142857,
            "tg_f1": 0.7857142857142857,
            "cc_pre": 0.9090909090909091,
            "cc_rec": 0.7142857142857143,
            "cc_f1": 0.8
        },
        "cc_TP": 13
    }
}