{
    "correct": {
        "TP_raw": 1786,
        "FP_raw": 2338,
        "FN_raw": 763,
        "TP_cc": 1750,
        "FP_cc": 2034,
        "FN_cc": 799,
        "pre_raw": 0.43307468477206595,
        "rec_raw": 0.70066692820714,
        "f1_raw": 0.5352914731005545,
        "pre_cc": 0.46247357293868924,
        "rec_cc": 0.6865437426441742,
        "f1_cc": 0.5526606663508605
    },
    "incorrect": {
        "TP_raw": 34,
        "FP_raw": 65,
        "FN_raw": 5,
        "TP_cc": 31,
        "FP_cc": 32,
        "FN_cc": 8,
        "pre_raw": 0.3434343434343434,
        "rec_raw": 0.8717948717948718,
        "f1_raw": 0.4927536231884058,
        "pre_cc": 0.49206349206349204,
        "rec_cc": 0.7948717948717948,
        "f1_cc": 0.6078431372549019
    },
    "all": {
        "TP_raw": 1820,
        "FP_raw": 2403,
        "FN_raw": 768,
        "TP_cc": 1781,
        "FP_cc": 2066,
        "FN_cc": 807,
        "pre_raw": 0.4309732417712527,
        "rec_raw": 0.7032457496136012,
        "f1_raw": 0.5344295991778005,
        "pre_cc": 0.46295814920717443,
        "rec_cc": 0.6881761978361669,
        "f1_cc": 0.5535353535353535
    }
}